{"cameraMode":{"drawMode":0,"name":"Shaded","section":"Shading Mode"},"sceneLighting":false,"audioPlay":false,"sceneViewState":{"m_AlwaysRefresh":false,"showFog":false,"showSkybox":false,"showFlares":true,"showImageEffects":true,"showParticleSystems":true,"showVisualEffectGraphs":true,"m_FxEnabled":true},"in2DMode":false,"pivot":{"x":0.3493269383907318,"y":0.009490898810327053,"z":0.7694142460823059},"rotation":{"x":0.0646134689450264,"y":0.5049810409545898,"z":-0.03794334456324577,"w":0.8598943948745728},"size":1.2228412628173829,"orthographic":false}