{"cameraMode":{"drawMode":0,"name":"Shaded","section":"Shading Mode"},"sceneLighting":false,"audioPlay":false,"sceneViewState":{"m_AlwaysRefresh":false,"showFog":true,"showSkybox":false,"showFlares":true,"showImageEffects":true,"showParticleSystems":true,"showVisualEffectGraphs":true,"m_FxEnabled":true},"in2DMode":false,"pivot":{"x":-0.0003756582736968994,"y":0.5105904340744019,"z":-0.03488945960998535},"rotation":{"x":0.10100628435611725,"y":-0.8310559391975403,"z":0.1605231612920761,"w":0.5228913426399231},"size":1.5358150005340577,"orthographic":false}