{"cameraMode":{"drawMode":0,"name":"Shaded","section":"Shading Mode"},"sceneLighting":false,"audioPlay":false,"sceneViewState":{"m_AlwaysRefresh":false,"showFog":true,"showSkybox":false,"showFlares":true,"showImageEffects":true,"showParticleSystems":true,"showVisualEffectGraphs":true,"m_FxEnabled":true},"in2DMode":false,"pivot":{"x":-0.22594252228736878,"y":0.42139148712158205,"z":0.22138047218322755},"rotation":{"x":0.06494878232479096,"y":-0.9087888598442078,"z":0.15441617369651795,"w":0.38220250606536868},"size":1.5525403022766114,"orthographic":false}