{"cameraMode":{"drawMode":0,"name":"Shaded","section":"Shading Mode"},"sceneLighting":false,"audioPlay":false,"sceneViewState":{"m_AlwaysRefresh":false,"showFog":false,"showSkybox":false,"showFlares":true,"showImageEffects":true,"showParticleSystems":true,"showVisualEffectGraphs":true,"m_FxEnabled":true},"in2DMode":false,"pivot":{"x":0.05977034568786621,"y":0.1295204758644104,"z":-0.12523114681243897},"rotation":{"x":-0.04869478568434715,"y":-0.9339079260826111,"z":0.13971473276615144,"w":-0.3255225419998169},"size":2.4657485485076906,"orthographic":false}