{"cameraMode":{"drawMode":0,"name":"Shaded","section":"Shading Mode"},"sceneLighting":false,"audioPlay":false,"sceneViewState":{"m_AlwaysRefresh":false,"showFog":false,"showSkybox":false,"showFlares":true,"showImageEffects":true,"showParticleSystems":true,"showVisualEffectGraphs":true,"m_FxEnabled":true},"in2DMode":false,"pivot":{"x":-0.5100092887878418,"y":0.02950119972229004,"z":0.16971516609191895},"rotation":{"x":0.2589965760707855,"y":-0.18406839668750764,"z":0.05034033954143524,"w":0.9468606114387512},"size":3.6293327808380129,"orthographic":false}