{"cameraMode":{"drawMode":0,"name":"Shaded","section":"Shading Mode"},"sceneLighting":false,"audioPlay":false,"sceneViewState":{"m_AlwaysRefresh":false,"showFog":false,"showSkybox":false,"showFlares":true,"showImageEffects":true,"showParticleSystems":true,"showVisualEffectGraphs":true,"m_FxEnabled":true},"in2DMode":false,"pivot":{"x":-2.9802322387695315e-8,"y":0.4400004744529724,"z":2.9802322387695315e-8},"rotation":{"x":-0.13385038077831269,"y":-0.8661627173423767,"z":0.3388438820838928,"w":-0.3421473205089569},"size":0.6014986038208008,"orthographic":false}