{"cameraMode":{"drawMode":0,"name":"Shaded","section":"Shading Mode"},"sceneLighting":false,"audioPlay":false,"sceneViewState":{"m_AlwaysRefresh":false,"showFog":true,"showSkybox":false,"showFlares":true,"showImageEffects":true,"showParticleSystems":true,"showVisualEffectGraphs":true,"m_FxEnabled":true},"in2DMode":false,"pivot":{"x":0.009681463241577149,"y":0.02110469341278076,"z":-0.3054773807525635},"rotation":{"x":0.2500492036342621,"y":-0.45643749833106997,"z":0.1353634148836136,"w":0.843122124671936},"size":2.557612657546997,"orthographic":false}