{"cameraMode":{"drawMode":0,"name":"Shaded","section":"Shading Mode"},"sceneLighting":false,"audioPlay":false,"sceneViewState":{"m_AlwaysRefresh":false,"showFog":false,"showSkybox":false,"showFlares":true,"showImageEffects":true,"showParticleSystems":true,"showVisualEffectGraphs":true,"m_FxEnabled":true},"in2DMode":false,"pivot":{"x":-0.5179246664047241,"y":-0.007180333137512207,"z":-0.0729372501373291},"rotation":{"x":0.2589965760707855,"y":-0.18406839668750764,"z":0.05034033954143524,"w":0.9468606114387512},"size":1.41233229637146,"orthographic":false}